Gender,Name,Time,Distance,moyenne/athlete/3k,moyenne/générale/3k,Rapport(Athlete/moyenne)3k au KM,moyenne/athlete/5k,moyenne/générale/5k,Rapport(Athlete/moyenne)5k au km,moyenne/athlete/10k,moyenne/générale/10k,Rapport(Athlete/moyenne)10k au km,moyenne/athlete/21k,moyenne/générale/21k,Rapport(Athlete/moyenne)21k au km,moyenne/athlete/42k,moyenne/générale/42k,Rapport(Athlete/moyenne)42k au km,Score/athlete,T/K,Score/athlete/moyenne
M,maniok,1800.0,5000,,,,6.0,5.154605597964377,0.8453944020356232,,5.2554827586206905,,,5.395010805574186,,,5.858582883325151,,0.8453944020356232,6.0,1.0449558217074664
M,maniok,1800.0,5000,,,,6.0,5.154605597964377,0.8453944020356232,,5.2554827586206905,,,5.395010805574186,,,5.858582883325151,,0.8453944020356232,6.0,1.0449558217074664
M,maniok,3900.0,10000,,,,,5.154605597964377,,6.5,5.2554827586206905,1.2445172413793095,,5.395010805574186,,,5.858582883325151,,1.2445172413793095,6.5,1.0449558217074664
M,maniok,3900.0,10000,,,,,5.154605597964377,,6.5,5.2554827586206905,1.2445172413793095,,5.395010805574186,,,5.858582883325151,,1.2445172413793095,6.5,1.0449558217074664
