Gender,Name,Time,Distance,moyenne/athlete/3k,moyenne/générale/3k,Rapport(Athlete/moyenne)3k au KM,moyenne/athlete/5k,moyenne/générale/5k,Rapport(Athlete/moyenne)5k au km,moyenne/athlete/10k,moyenne/générale/10k,Rapport(Athlete/moyenne)10k au km,moyenne/athlete/21k,moyenne/générale/21k,Rapport(Athlete/moyenne)21k au km,moyenne/athlete/42k,moyenne/générale/42k,Rapport(Athlete/moyenne)42k au km,Score/athlete,T/K,Score/athlete/moyenne
M,zep,1800.0,5000,,,,6.0,5.127979002624672,0.8720209973753281,,5.241573426573426,,,5.395010805574186,,,5.858582883325151,,0.8720209973753281,6.0,0.940223785400951
M,zep,1800.0,5000,,,,6.0,5.127979002624672,0.8720209973753281,,5.241573426573426,,,5.395010805574186,,,5.858582883325151,,0.8720209973753281,6.0,0.940223785400951
M,zep,3900.0,10000,,,,,5.127979002624672,,6.0,5.241573426573426,0.7584265734265738,,5.395010805574186,,,5.858582883325151,,0.7584265734265738,6.5,0.940223785400951
M,zep,3600.0,10000,,,,,5.127979002624672,,6.5,5.241573426573426,1.2584265734265738,,5.395010805574186,,,5.858582883325151,,1.2584265734265738,6.0,0.940223785400951
