Gender,Name,Time,Distance,moyenne/athlete/3k,moyenne/générale/3k,Rapport(Athlete/moyenne)3k au KM,moyenne/athlete/5k,moyenne/générale/5k,Rapport(Athlete/moyenne)5k au km,moyenne/athlete/10k,moyenne/générale/10k,Rapport(Athlete/moyenne)10k au km,moyenne/athlete/21k,moyenne/générale/21k,Rapport(Athlete/moyenne)21k au km,moyenne/athlete/42k,moyenne/générale/42k,Rapport(Athlete/moyenne)42k au km,Score/athlete,T/K,Score/athlete/moyenne
M,chok,1800.0,5000,,,,6.0,5.141498708010336,0.858501291989664,,5.246840277777778,,,5.395010805574186,,,5.858582883325151,,0.858501291989664,6.0,0.8058305071059428
M,chok,1800.0,5000,,,,6.0,5.141498708010336,0.858501291989664,,5.246840277777778,,,5.395010805574186,,,5.858582883325151,,0.858501291989664,6.0,0.8058305071059428
M,chok,3600.0,10000,,,,,5.141498708010336,,6.0,5.246840277777778,0.7531597222222217,,5.395010805574186,,,5.858582883325151,,0.7531597222222217,6.0,0.8058305071059428
M,chok,3600.0,10000,,,,,5.141498708010336,,6.0,5.246840277777778,0.7531597222222217,,5.395010805574186,,,5.858582883325151,,0.7531597222222217,6.0,0.8058305071059428
