Gender,Name,Time,Distance,moyenne/athlete/3k,moyenne/générale/3k,Rapport(Athlete/moyenne)3k au KM,moyenne/athlete/5k,moyenne/générale/5k,Rapport(Athlete/moyenne)5k au km,moyenne/athlete/10k,moyenne/générale/10k,Rapport(Athlete/moyenne)10k au km,moyenne/athlete/21k,moyenne/générale/21k,Rapport(Athlete/moyenne)21k au km,moyenne/athlete/42k,moyenne/générale/42k,Rapport(Athlete/moyenne)42k au km,Score/athlete,T/K,Score/athlete/moyenne
M,fok,1800.0,5000,,,,6.0,5.114026666666667,0.8859733333333333,,5.234471830985915,,,5.395010805574186,,,5.858582883325151,,0.8859733333333333,6.0,1.1978622162605257
M,fok,1800.0,5000,,,,6.0,5.114026666666667,0.8859733333333333,,5.234471830985915,,,5.395010805574186,,,5.858582883325151,,0.8859733333333333,6.0,1.1978622162605257
M,fok,8700.0,21000,,,,,5.114026666666667,,,5.234471830985915,,6.904761904761904,5.395010805574186,1.509751099187718,,5.858582883325151,,1.509751099187718,6.904761904761904,1.1978622162605257
M,fok,8700.0,21000,,,,,5.114026666666667,,,5.234471830985915,,6.904761904761904,5.395010805574186,1.509751099187718,,5.858582883325151,,1.509751099187718,6.904761904761904,1.1978622162605257
