Gender,Name,Time,Distance,T/K,moyenne/athlete/5k,moyenne/générale/5k,Rapport(Athlete/moyenne)5k au km,moyenne/athlete/10k,moyenne/générale/10k,Rapport(Athlete/moyenne)10k au km,moyenne/athlete/21k,moyenne/générale/21k,Rapport(Athlete/moyenne)21k au km,moyenne/athlete/42k,moyenne/générale/42k,Rapport(Athlete/moyenne)42k au km,Score/athlete,Score/athlete/moyenne,Code,Question,Reponse
M, bestman,1920.0,10000,3.2,,5.2577045908183635,,3.1666666666666665,5.164199288256227,-1.9975326215895604,,5.305701249904149,,,5.752294685990339,,-1.9975326215895604,-1.9891992882562273, bestman547,Quel est le prénom de ton premier coach ?, gofro
M, bestman,1740.0,10000,2.9,,5.2577045908183635,,3.266666666666666,5.164199288256227,-1.8975326215895607,,5.305701249904149,,,5.752294685990339,,-1.8975326215895607,-1.9891992882562273, bestman547,Quel est le prénom de ton premier coach ?, gofro
M, bestman,1980.0,10000,3.3,,5.2577045908183635,,3.133333333333333,5.164199288256227,-2.030865954922894,,5.305701249904149,,,5.752294685990339,,-2.030865954922894,-1.9891992882562273, bestman547,Quel est le prénom de ton premier coach ?, gofro
M, bestman,1980.0,10000,3.3,,5.2577045908183635,,3.133333333333333,5.164199288256227,-2.030865954922894,,5.305701249904149,,,5.752294685990339,,-2.030865954922894,-1.9891992882562273, bestman547,Quel est le prénom de ton premier coach ?, gofro
