Gender,Name,Time,Distance,moyenne/athlete/3k,moyenne/générale/3k,Rapport(Athlete/moyenne)3k au KM,moyenne/athlete/5k,moyenne/générale/5k,Rapport(Athlete/moyenne)5k au km,moyenne/athlete/10k,moyenne/générale/10k,Rapport(Athlete/moyenne)10k au km,moyenne/athlete/21k,moyenne/générale/21k,Rapport(Athlete/moyenne)21k au km,moyenne/athlete/42k,moyenne/générale/42k,Rapport(Athlete/moyenne)42k au km,Score/athlete,T/K,Score/athlete/moyenne
M,germain,3600.0,10000,,,,,5.167318295739348,,6.0,5.260582191780823,0.7394178082191774,,5.395010805574186,,,5.858582883325151,,0.7394178082191774,6.0,0.7860497562399145
M,germain,3600.0,10000,,,,,5.167318295739348,,6.0,5.260582191780823,0.7394178082191774,,5.395010805574186,,,5.858582883325151,,0.7394178082191774,6.0,0.7860497562399145
M,germain,1800.0,5000,,,,6.0,5.167318295739348,0.8326817042606516,,5.260582191780823,,,5.395010805574186,,,5.858582883325151,,0.8326817042606516,6.0,0.7860497562399145
M,germain,1800.0,5000,,,,6.0,5.167318295739348,0.8326817042606516,,5.260582191780823,,,5.395010805574186,,,5.858582883325151,,0.8326817042606516,6.0,0.7860497562399145
