Gender,Name,Time,Distance,moyenne/athlete/3k,moyenne/générale/3k,Rapport(Athlete/moyenne)3k au KM,moyenne/athlete/5k,moyenne/générale/5k,Rapport(Athlete/moyenne)5k au km,moyenne/athlete/10k,moyenne/générale/10k,Rapport(Athlete/moyenne)10k au km,moyenne/athlete/21k,moyenne/générale/21k,Rapport(Athlete/moyenne)21k au km,moyenne/athlete/42k,moyenne/générale/42k,Rapport(Athlete/moyenne)42k au km,Score/athlete,T/K,Score/athlete/moyenne
M,marco,7560.0,21000,,,,,5.1735323383084575,,,5.263105802047782,,6.0,5.400638612033961,0.5993613879660389,,5.769087702421036,,0.5993613879660389,6.0,-1.247051628627856
M,marco,7560.0,21000,,,,,5.1735323383084575,,,5.263105802047782,,6.0,5.400638612033961,0.5993613879660389,,5.769087702421036,,0.5993613879660389,6.0,-1.247051628627856
M,marco,1800.0,5000,,,,,5.1735323383084575,,,5.263105802047782,,,5.400638612033961,,,5.769087702421036,,0.0,6.0,-1.247051628627856
M,marco,3600.0,10000,,,,,5.1735323383084575,,,5.263105802047782,,,5.400638612033961,,,5.769087702421036,,0.0,6.0,-1.247051628627856
M,marco,3600.0,42000,,,,,5.1735323383084575,,,5.263105802047782,,,5.400638612033961,,1.4285714285714284,5.769087702421036,-4.340516273849607,-4.340516273849607,1.4285714285714284,-1.247051628627856
M,marco,3600.0,42000,,,,,5.1735323383084575,,,5.263105802047782,,,5.400638612033961,,1.4285714285714284,5.769087702421036,-4.340516273849607,-4.340516273849607,1.4285714285714284,-1.247051628627856
